 <customUI xmlns="http://schemas.microsoft.com/office/2006/01/customui"> 
   <ribbon> 
     <tabs> 
       <tab id="CustomTab" label="SNAKE"> 
<group id="CustomGroup" label="Group">
           <button id="btnStart" imageMso="ShapeScribble" label="Start" size="large" onAction="Sheet1.startSnake" />
           <button id="btnStop" imageMso="InkStopInkingReadingView" label="Stop" size="large" onAction="Sheet1.stopSnake" />
           <button id="btnRest" imageMso="Clear" label="Clear" size="large" onAction="Sheet1.resetSnake" />
           <button id="btnLeft" imageMso="ShapeLeftArrow" label="Left" size="large" onAction="Sheet1.moveLeft" />
           <button id="btnUp" imageMso="ShapeUpArrow" label="Up" size="large" onAction="Sheet1.moveUp" />
           <button id="btndown" imageMso="ShapeDownArrow" label="down" size="large" onAction="Sheet1.moveDown" />
           <button id="btnRight" imageMso="ShapeRightArrow" label="Right" size="large" onAction="Sheet1.moveRight" />
</group>
       </tab> 
     </tabs> 
   </ribbon> 
 </customUI>